{
    "train_loss": [
        1.04940405217084,
        1.0119399482553655,
        0.9554036530581388,
        0.8503190820867365,
        0.7601889642802152,
        0.746101514859633,
        0.6903617436235602,
        0.6885793100703846,
        0.6594208695671775,
        0.5895127139308236,
        0.5293845480138605,
        0.5343938957561146,
        0.5486726706678217,
        0.48360954360528424,
        0.4392828345298767,
        0.39285479621453717,
        0.3954708129167557,
        0.4465794156898152,
        0.36615083569830115,
        0.3204057826237245,
        0.3484418067065152,
        0.31161448630419647,
        0.2561079954559153,
        0.25935964015397156,
        0.3150942474603653,
        0.36624813079833984,
        0.2865929481658069,
        0.28719286349686707,
        0.22792982987382196,
        0.2527508952400901,
        0.2365578291091052,
        0.20317996835166757,
        0.16876090317964554,
        0.1426825780760158,
        0.23929907923394983,
        0.19329642538319936,
        0.248318612575531,
        0.1499167342077602,
        0.13227581165053628,
        0.10718457400798798,
        0.14698327908461745,
        0.1693313175981695,
        0.14637037434361197,
        0.11461684548042038,
        0.0800982051613656,
        0.06743220206011426,
        0.0751596230336211,
        0.09785148061134598,
        0.08756143709814007,
        0.1439715325832367
    ],
    "train_acc": [
        45.17045454545455,
        50.56818181818182,
        51.70454545454545,
        58.52272727272727,
        65.05681818181819,
        65.05681818181819,
        68.75,
        68.18181818181819,
        70.45454545454545,
        73.29545454545455,
        77.8409090909091,
        76.13636363636364,
        77.55681818181819,
        81.5340909090909,
        81.25,
        82.95454545454545,
        82.10227272727273,
        81.81818181818181,
        86.07954545454545,
        86.64772727272727,
        85.79545454545455,
        86.07954545454545,
        89.48863636363636,
        90.625,
        88.06818181818181,
        82.67045454545455,
        86.93181818181819,
        87.7840909090909,
        90.625,
        90.05681818181819,
        89.48863636363636,
        92.32954545454545,
        93.18181818181819,
        93.4659090909091,
        91.47727272727273,
        93.75,
        91.47727272727273,
        94.31818181818181,
        95.73863636363636,
        96.02272727272727,
        94.0340909090909,
        94.88636363636364,
        95.17045454545455,
        95.73863636363636,
        97.1590909090909,
        97.72727272727273,
        96.30681818181819,
        96.5909090909091,
        97.1590909090909,
        93.75
    ],
    "test_loss": [
        1.0419976711273193,
        1.0455469290415447,
        0.957562784353892,
        0.9170097510019938,
        1.1320728659629822,
        0.8671718835830688,
        0.8483069539070129,
        0.9333601792653402,
        0.9043282071749369,
        0.9128278295199076,
        0.8868132829666138,
        0.9987093210220337,
        0.9543031851450602,
        0.8393409450848898,
        0.9961330890655518,
        1.27413276831309,
        1.224622110525767,
        0.9366753697395325,
        0.9738802711168925,
        0.9978667696317037,
        1.0939818620681763,
        1.0304060379664104,
        1.0293860634167988,
        1.2860307296117146,
        1.1182165344556172,
        1.1860091884930928,
        1.1508212089538574,
        1.1576432983080547,
        1.4567636648813884,
        1.1637052297592163,
        1.1501018206278484,
        1.3124802112579346,
        1.3601974447568257,
        1.4459801117579143,
        1.462916890780131,
        1.3559406598409016,
        1.1631675163904827,
        1.2187574903170268,
        1.2728158434232075,
        1.8271594842274983,
        1.455492079257965,
        1.4208556016286213,
        1.4397489428520203,
        1.4835538864135742,
        1.3742769161860149,
        1.390524943669637,
        1.3470311363538106,
        1.4954708019892375,
        1.584897796312968,
        1.186104695002238
    ],
    "test_acc": [
        48.86363636363637,
        48.86363636363637,
        48.86363636363637,
        54.54545454545455,
        57.95454545454545,
        60.22727272727273,
        59.09090909090909,
        56.81818181818182,
        59.09090909090909,
        55.68181818181818,
        61.36363636363637,
        61.36363636363637,
        62.5,
        65.9090909090909,
        60.22727272727273,
        54.54545454545455,
        61.36363636363637,
        65.9090909090909,
        67.04545454545455,
        67.04545454545455,
        67.04545454545455,
        70.45454545454545,
        69.31818181818181,
        64.77272727272727,
        69.31818181818181,
        62.5,
        67.04545454545455,
        65.9090909090909,
        53.40909090909091,
        63.63636363636363,
        65.9090909090909,
        67.04545454545455,
        64.77272727272727,
        64.77272727272727,
        67.04545454545455,
        62.5,
        70.45454545454545,
        69.31818181818181,
        67.04545454545455,
        57.95454545454545,
        70.45454545454545,
        67.04545454545455,
        68.18181818181819,
        70.45454545454545,
        68.18181818181819,
        70.45454545454545,
        70.45454545454545,
        69.31818181818181,
        68.18181818181819,
        71.5909090909091
    ]
}